{
	"info": {
		"_postman_id": "83bd8dc3-ed5d-4c5b-b4a3-9e33947588a9",
		"name": "spring-security-api",
		"schema": "https://schema.getpostman.com/json/collection/v2.1.0/collection.json"
	},
	"item": [
		{
			"name": "signup",
			"request": {
				"method": "POST",
				"header": [],
				"body": {
					"mode": "raw",
					"raw": "{\r\n    \"username\":\"Pariwesh1\",\r\n    \"email\":\"test@gmail.com\",\r\n    \"password\": \"Testing123\"\r\n}",
					"options": {
						"raw": {
							"language": "json"
						}
					}
				},
				"url": {
					"raw": "localhost:8080/api/auth/signup",
					"host": [
						"localhost"
					],
					"port": "8080",
					"path": [
						"api",
						"auth",
						"signup"
					]
				},
				"description": "registration api \r\n"
			},
			"response": []
		},
		{
			"name": "signin",
			"request": {
				"method": "POST",
				"header": [],
				"body": {
					"mode": "raw",
					"raw": "{\r\n    \"username\":\"Pariwesh1\",\r\n    \"email\":\"test@gmail.com\",\r\n    \"password\": \"Testing12345\"\r\n}",
					"options": {
						"raw": {
							"language": "json"
						}
					}
				},
				"url": {
					"raw": "localhost:8080/api/auth/signin",
					"host": [
						"localhost"
					],
					"port": "8080",
					"path": [
						"api",
						"auth",
						"signin"
					]
				}
			},
			"response": []
		},
		{
			"name": "changePwd",
			"request": {
				"method": "POST",
				"header": [],
				"body": {
					"mode": "raw",
					"raw": "{\r\n    \"username\":\"Pariwesh1\",\r\n    \"email\":\"test@gmail.com\",\r\n    \"password\": \"Testing1234\"\r\n}",
					"options": {
						"raw": {
							"language": "json"
						}
					}
				},
				"url": {
					"raw": "localhost:8080/api/auth/changePwd",
					"host": [
						"localhost"
					],
					"port": "8080",
					"path": [
						"api",
						"auth",
						"changePwd"
					]
				}
			},
			"response": []
		},
		{
			"name": "test user api",
			"request": {
				"method": "GET",
				"header": [],
				"url": null
			},
			"response": []
		}
	]
}